,product_category_name,average_shipping_time_days,total_sales
60,pc_gamer,4.666666666666667,4
37,fashion_roupa_infanto_juvenil,5.0,3
4,artes_e_artesanato,5.2272727272727275,22
46,la_cuisine,5.333333333333333,3
36,fashion_roupa_feminina,6.083333333333333,12
47,livros_importados,7.088235294117647,35
1,alimentos,7.10248447204969,323
35,fashion_esporte,7.333333333333333,3
10,bebidas,7.73469387755102,201
5,artigos_de_festas,7.777777777777778,27
